{
    "mean absolute error": 3.0493994965272306,
    "r2_score": 0.8363325731132603
}